id,label,kingdom,phylum,class,order,family,genus
ASV1,ASV1,Bacteria,Alphaproteobacteria,Alphaproteobacteria,SAR11_clade,Clade_I,SAR11_Clade_Ia
ASV3,ASV3,Eukaryota,Bacillariophyta,Mediophyceae,Chaetocerotales,Polar-centric-Mediophyceae,Chaetoceros
ASV4,ASV4,Bacteria,Alphaproteobacteria,Alphaproteobacteria,SAR11_clade,Clade_I,SAR11_Clade_Ib
ASV5,ASV5,Eukaryota,Bacillariophyta,Mediophyceae,Chaetocerotales,Polar-centric-Mediophyceae,Chaetoceros
ASV6,ASV6,Bacteria,Alphaproteobacteria,Alphaproteobacteria,Rhodobacterales,Rhodobacteraceae,HIMB11
ASV7,ASV7,Bacteria,Alphaproteobacteria,Alphaproteobacteria,SAR11_clade,Clade_I,SAR11_Clade_Ia
ASV8,ASV8,Bacteria,Alphaproteobacteria,Alphaproteobacteria,Rhodobacterales,Rhodobacteraceae,HIMB11
ASV10,ASV10,Bacteria,Cyanobacteria,Cyanobacteriia,Synechococcales,Cyanobiaceae,Synechococcus
ASV11,ASV11,Eukaryota,Bacillariophyta,Mediophyceae,Chaetocerotales,Polar-centric-Mediophyceae,Chaetoceros
ASV13,ASV13,Bacteria,Alphaproteobacteria,Alphaproteobacteria,SAR11_clade,Clade_I,SAR11_Clade_I
ASV14,ASV14,Bacteria,Alphaproteobacteria,Alphaproteobacteria,Puniceispirillales,SAR116_clade,Candidatus_Puniceispirillum
ASV15,ASV15,Bacteria,Cyanobacteria,Cyanobacteriia,Synechococcales,Cyanobiaceae,Synechococcus
ASV17,ASV17,Bacteria,Bacteroidota,Bacteroidia,Flavobacteriales,Flavobacteriaceae,Formosa
ASV19,ASV19,Eukaryota,Chlorophyta,Mamiellophyceae,Mamiellales,Mamiellaceae,Mamiellaceae_X
ASV21,ASV21,Bacteria,Gammaproteobacteria,Gammaproteobacteria,Pseudomonadales,SAR86_clade,SAR86_clade
ASV22,ASV22,Eukaryota,Bacillariophyta,Coscinodiscophyceae,Biddulphiales,Radial-centric-basal-Coscinodiscophyceae,Rhizosolenia
ASV23,ASV23,Bacteria,Alphaproteobacteria,Alphaproteobacteria,Puniceispirillales,SAR116_clade,SAR116_clade
ASV24,ASV24,Eukaryota,Dinoflagellata,Dinophyceae,Gymnodiniales,Kareniaceae,Karenia
ASV25,ASV25,Eukaryota,Bacillariophyta,Bacillariophyta_X,Bacillariophyta_XX,Bacillariophyta_XXX,Bacillariophyta_XXXX
ASV27,ASV27,Bacteria,Bacteroidota,Bacteroidia,Flavobacteriales,Flavobacteriaceae,NS4_marine_group
ASV28,ASV28,Bacteria,Alphaproteobacteria,Alphaproteobacteria,Puniceispirillales,SAR116_clade,SAR116_clade
ASV29,ASV29,Eukaryota,Ciliophora,Intramacronucleata,Conthreep,Phyllopharyngea,Cyrtophoria
ASV30,ASV30,Eukaryota,Ciliophora,Intramacronucleata,Conthreep,Phyllopharyngea,Cyrtophoria
ASV31,ASV31,Bacteria,Alphaproteobacteria,Alphaproteobacteria,Rhodobacterales,Rhodobacteraceae,Rhodobacteraceae
ASV32,ASV32,Bacteria,Gammaproteobacteria,Gammaproteobacteria,Pseudomonadales,Halieaceae,OM60(NOR5)_clade
ASV33,ASV33,Bacteria,Cyanobacteria,Cyanobacteriia,Synechococcales,Cyanobiaceae,Synechococcus
ASV34,ASV34,Bacteria,Alphaproteobacteria,Alphaproteobacteria,SAR11_clade,Clade_I,SAR11_Clade_Ia
ASV35,ASV35,Eukaryota,Metazoa,Obazoa,Opisthokonta,Holozoa,Choanozoa
ASV36,ASV36,Eukaryota,Metazoa,Obazoa,Opisthokonta,Holozoa,Choanozoa
ASV37,ASV37,Archaea,Thermoplasmatota,Thermoplasmata,Marine_Group_II,Marine_Group_II,Marine_Group_II
ASV38,ASV38,Bacteria,Gammaproteobacteria,Gammaproteobacteria,Pseudomonadales,Porticoccaceae,SAR92_clade
ASV39,ASV39,Bacteria,Alphaproteobacteria,Alphaproteobacteria,SAR11_clade,Clade_I,SAR11_Clade_Ia
ASV40,ASV40,Bacteria,Gammaproteobacteria,Gammaproteobacteria,Pseudomonadales,Porticoccaceae,SAR92_clade
ASV41,ASV41,Bacteria,Alphaproteobacteria,Alphaproteobacteria,SAR11_clade,Clade_I,SAR11_Clade_Ia
ASV42,ASV42,Bacteria,Bacteroidota,Bacteroidia,Flavobacteriales,Flavobacteriaceae,NS4_marine_group
ASV43,ASV43,Bacteria,Alphaproteobacteria,Alphaproteobacteria,SAR11_clade,Clade_I,SAR11_Clade_Ia
ASV44,ASV44,Bacteria,Bacteroidota,Bacteroidia,Flavobacteriales,Cryomorphaceae,Cryomorphaceae
ASV45,ASV45,Bacteria,Bacteroidota,Bacteroidia,Flavobacteriales,Flavobacteriaceae,Formosa
ASV46,ASV46,Bacteria,Gammaproteobacteria,Gammaproteobacteria,Burkholderiales,Methylophilaceae,OM43_clade
ASV47,ASV47,Archaea,Thermoplasmatota,Thermoplasmata,Marine_Group_II,Marine_Group_II,Marine_Group_II
ASV48,ASV48,Bacteria,Gammaproteobacteria,Gammaproteobacteria,Pseudomonadales,Halieaceae,OM60(NOR5)_clade
ASV49,ASV49,Bacteria,Spirochaetota,Leptospirae,Leptospirales,Leptospiraceae,Turneriella
ASV50,ASV50,Bacteria,Gammaproteobacteria,Gammaproteobacteria,Pseudomonadales,SAR86_clade,SAR86_clade
ASV51,ASV51,Bacteria,Alphaproteobacteria,Alphaproteobacteria,Rhodospirillales,AEGEAN-169_marine_group,AEGEAN-169_marine_group
ASV52,ASV52,Bacteria,Bacteroidota,Bacteroidia,Flavobacteriales,Crocinitomicaceae,Fluviicola
ASV53,ASV53,Bacteria,Bacteroidota,Bacteroidia,Flavobacteriales,Cryomorphaceae,Cryomorphaceae
ASV54,ASV54,Bacteria,Bacteroidota,Bacteroidia,Flavobacteriales,Flavobacteriaceae,Flavobacteriaceae
ASV55,ASV55,Bacteria,Planctomycetota,OM190,OM190,OM190,OM190
ASV56,ASV56,Bacteria,Planctomycetota,Planctomycetes,Planctomycetales,Rubinisphaeraceae,Rubinisphaeraceae
ASV58,ASV58,Bacteria,Gammaproteobacteria,Gammaproteobacteria,Pseudomonadales,SAR86_clade,SAR86_clade
ASV59,ASV59,Bacteria,Alphaproteobacteria,Alphaproteobacteria,SAR11_clade,Clade_I,SAR11_Clade_Ia
ASV60,ASV60,Eukaryota,Bacillariophyta,Mediophyceae,Bacillariophyta_X,Polar-centric-Mediophyceae,Polar-centric-Mediophyceae_X
ASV61,ASV61,Eukaryota,Bacillariophyta,Mediophyceae,Bacillariophyta_X,Polar-centric-Mediophyceae,Thalassiosira
ASV62,ASV62,Bacteria,Alphaproteobacteria,Alphaproteobacteria,Puniceispirillales,SAR116_clade,SAR116_clade
ASV63,ASV63,Eukaryota,Bacillariophyta,Mediophyceae,Chaetocerotales,Polar-centric-Mediophyceae,Chaetoceros
ASV64,ASV64,Bacteria,Verrucomicrobiota,Verrucomicrobiae,Verrucomicrobiales,Rubritaleaceae,Roseibacillus
ASV65,ASV65,Bacteria,Alphaproteobacteria,Alphaproteobacteria,Puniceispirillales,SAR116_clade,SAR116_clade
ASV66,ASV66,Archaea,Thermoplasmatota,Thermoplasmata,Marine_Group_II,Marine_Group_II,Marine_Group_II
ASV67,ASV67,Bacteria,Bacteroidota,Bacteroidia,Flavobacteriales,Flavobacteriaceae,NS5_marine_group
ASV68,ASV68,Bacteria,Bacteroidota,Bacteroidia,Flavobacteriales,Cryomorphaceae,Cryomorphaceae
ASV69,ASV69,Bacteria,Alphaproteobacteria,Alphaproteobacteria,SAR11_clade,Clade_I,SAR11_Clade_Ia
ASV70,ASV70,Bacteria,Bacteroidota,Bacteroidia,Flavobacteriales,Cryomorphaceae,Cryomorphaceae
ASV71,ASV71,Bacteria,Alphaproteobacteria,Alphaproteobacteria,SAR11_clade,Clade_I,SAR11_Clade_Ia
ASV72,ASV72,Bacteria,Bacteroidota,Bacteroidia,Flavobacteriales,Flavobacteriaceae,NS5_marine_group
ASV73,ASV73,Bacteria,Gammaproteobacteria,Gammaproteobacteria,Pseudomonadales,OM182_clade,OM182_clade
ASV74,ASV74,Bacteria,Bacteroidota,Bacteroidia,Flavobacteriales,Flavobacteriaceae,Flavobacteriaceae
ASV75,ASV75,Bacteria,Alphaproteobacteria,Alphaproteobacteria,Rhodobacterales,Rhodobacteraceae,Rhodobacteraceae
ASV76,ASV76,Bacteria,Bacteroidota,Bacteroidia,Flavobacteriales,Flavobacteriaceae,NS4_marine_group
ASV77,ASV77,Bacteria,Bacteroidota,Bacteroidia,Flavobacteriales,Flavobacteriaceae,Flavobacteriaceae
ASV78,ASV78,Bacteria,Gammaproteobacteria,Gammaproteobacteria,Pseudomonadales,Halieaceae,OM60(NOR5)_clade
ASV79,ASV79,Bacteria,Bacteroidota,Bacteroidia,Flavobacteriales,Flavobacteriaceae,NS2b_marine_group
ASV80,ASV80,Bacteria,Alphaproteobacteria,Alphaproteobacteria,SAR11_clade,Clade_II,SAR11_Clade_II
ASV81,ASV81,Bacteria,Bacteroidota,Bacteroidia,Flavobacteriales,Flavobacteriaceae,NS5_marine_group
ASV82,ASV82,Eukaryota,Dinoflagellata,Dinophyceae,Gymnodiniales,Gymnodiniphycidae,Gyrodinium
ASV83,ASV83,Bacteria,Gammaproteobacteria,Gammaproteobacteria,Burkholderiales,Burkholderiaceae,Limnobacter
ASV84,ASV84,Bacteria,Alphaproteobacteria,Alphaproteobacteria,SAR11_clade,Clade_I,SAR11_Clade_Ia
ASV85,ASV85,Bacteria,Cyanobacteria,Cyanobacteriia,Synechococcales,Cyanobiaceae,Cyanobium
ASV87,ASV87,Bacteria,Bacteroidota,Bacteroidia,Flavobacteriales,NS9_marine_group,NS9_marine_group
ASV88,ASV88,Bacteria,Bacteroidota,Bacteroidia,Flavobacteriales,NS9_marine_group,NS9_marine_group
ASV89,ASV89,Bacteria,Verrucomicrobiota,Verrucomicrobiae,Opitutales,Puniceicoccaceae,MB11C04_marine_group
ASV90,ASV90,Bacteria,Bacteroidota,Bacteroidia,Flavobacteriales,Flavobacteriaceae,Flavobacteriaceae
ASV91,ASV91,Bacteria,Alphaproteobacteria,Alphaproteobacteria,Rhodobacterales,Rhodobacteraceae,HIMB11
ASV92,ASV92,Bacteria,Alphaproteobacteria,Alphaproteobacteria,SAR11_clade,Clade_I,SAR11_Clade_Ia
ASV93,ASV93,Eukaryota,Dinoflagellata,Dinophyceae,Gymnodiniales,Gymnodiniphycidae,Gyrodinium
ASV94,ASV94,Bacteria,Bacteroidota,Bacteroidia,Flavobacteriales,Flavobacteriaceae,NS5_marine_group
ASV95,ASV95,Bacteria,Actinobacteriota,Acidimicrobiia,Actinomarinales,Actinomarinaceae,Candidatus_Actinomarina
ASV96,ASV96,Eukaryota,Bacillariophyta,Mediophyceae,Biddulphiineae,Hemiaulaceae,Cerataulina
ASV97,ASV97,Eukaryota,Bacillariophyta,Coscinodiscophyceae,Biddulphiales,Radial-centric-basal-Coscinodiscophyceae,Rhizosolenia
ASV98,ASV98,Bacteria,Alphaproteobacteria,Alphaproteobacteria,Rhodobacterales,Rhodobacteraceae,Rhodobacteraceae
ASV99,ASV99,Bacteria,Bacteroidota,Bacteroidia,Flavobacteriales,Crocinitomicaceae,Fluviicola
ASV100,ASV100,Bacteria,Gammaproteobacteria,Gammaproteobacteria,Pseudomonadales,Litoricolaceae,Litoricola
ASV101,ASV101,Bacteria,Actinobacteriota,Acidimicrobiia,Microtrichales,Microtrichaceae,Sva0996_marine_group
ASV102,ASV102,Bacteria,Gammaproteobacteria,Gammaproteobacteria,Pseudomonadales,Halieaceae,OM60(NOR5)_clade
ASV103,ASV103,Eukaryota,Metazoa,Obazoa,Opisthokonta,Holozoa,Choanozoa
ASV104,ASV104,Bacteria,Bacteroidota,Bacteroidia,Sphingobacteriales,NS11-12_marine_group,NS11-12_marine_group
ASV105,ASV105,Bacteria,Alphaproteobacteria,Alphaproteobacteria,SAR11_clade,Clade_I,SAR11_Clade_Ia
ASV106,ASV106,Bacteria,Gammaproteobacteria,Gammaproteobacteria,Pseudomonadales,Halieaceae,OM60(NOR5)_clade
ASV107,ASV107,Eukaryota,Bacillariophyta,Coscinodiscophyceae,Biddulphiales,Radial-centric-basal-Coscinodiscophyceae,Rhizosolenia
ASV108,ASV108,Bacteria,Bacteroidota,Rhodothermia,Balneolales,Balneolaceae,Balneola
ASV110,ASV110,Bacteria,Gammaproteobacteria,Gammaproteobacteria,Pseudomonadales,Pseudohongiellaceae,Pseudohongiella
ASV111,ASV111,Bacteria,Bacteroidota,Bacteroidia,Flavobacteriales,NS9_marine_group,NS9_marine_group
ASV113,ASV113,Bacteria,Bacteroidota,Bacteroidia,Flavobacteriales,Flavobacteriaceae,NS5_marine_group
ASV114,ASV114,Bacteria,Alphaproteobacteria,Alphaproteobacteria,SAR11_clade,Clade_III,SAR11_Clade_III
ASV115,ASV115,Bacteria,Gammaproteobacteria,Gammaproteobacteria,Pseudomonadales,Halieaceae,Luminiphilus
ASV116,ASV116,Bacteria,Bacteroidota,Bacteroidia,Flavobacteriales,NS9_marine_group,NS9_marine_group
ASV117,ASV117,Bacteria,Bacteroidota,Bacteroidia,Flavobacteriales,Flavobacteriaceae,NS4_marine_group
ASV119,ASV119,Bacteria,Bacteroidota,Bacteroidia,Flavobacteriales,Flavobacteriaceae,Formosa
ASV120,ASV120,Eukaryota,Bacillariophyta,Bacillariophyceae,Fragilariales,Fragilariaceae,Asteroplanus
ASV121,ASV121,Eukaryota,Bacillariophyta,Mediophyceae,Chaetocerotales,Polar-centric-Mediophyceae,Chaetoceros
ASV122,ASV122,Bacteria,Alphaproteobacteria,Alphaproteobacteria,Parvibaculales,PS1_clade,PS1_clade
ASV123,ASV123,Bacteria,Gammaproteobacteria,Gammaproteobacteria,Pseudomonadales,Alcanivoracaceae1,Alcanivorax
ASV124,ASV124,Eukaryota,Bacillariophyta,Bacillariophyceae,Fragilariales,Fragilariaceae,Asteroplanus
ASV125,ASV125,Bacteria,Firmicutes,Bacilli,Acholeplasmatales,Acholeplasmataceae,Acholeplasma
ASV126,ASV126,Bacteria,Bacteroidota,Bacteroidia,Flavobacteriales,Flavobacteriaceae,NS4_marine_group
ASV127,ASV127,Bacteria,Bacteroidota,Bacteroidia,Flavobacteriales,Flavobacteriaceae,NS4_marine_group
ASV128,ASV128,Bacteria,Bacteroidota,Bacteroidia,Flavobacteriales,NS7_marine_group,NS7_marine_group
ASV129,ASV129,Bacteria,Bacteroidota,Bacteroidia,Flavobacteriales,Crocinitomicaceae,Fluviicola
ASV130,ASV130,Bacteria,Bacteroidota,Bacteroidia,Flavobacteriales,Flavobacteriaceae,NS5_marine_group
ASV131,ASV131,Bacteria,Bacteroidota,Bacteroidia,Sphingobacteriales,NS11-12_marine_group,NS11-12_marine_group
ASV132,ASV132,Eukaryota,Bacillariophyta,Mediophyceae,Biddulphiineae,Hemiaulaceae,Cerataulina
ASV134,ASV134,Bacteria,Bacteroidota,Bacteroidia,Flavobacteriales,Cryomorphaceae,NS10_marine_group
ASV135,ASV135,Bacteria,Firmicutes,Bacilli,Acholeplasmatales,Acholeplasmataceae,Acholeplasma
ASV136,ASV136,Bacteria,Cyanobacteria,Cyanobacteriia,Synechococcales,Cyanobiaceae,Synechococcus
ASV137,ASV137,Eukaryota,Bacillariophyta,Mediophyceae,Chaetocerotales,Polar-centric-Mediophyceae,Chaetoceros
ASV138,ASV138,Bacteria,Verrucomicrobiota,Verrucomicrobiae,Opitutales,Puniceicoccaceae,MB11C04_marine_group
ASV139,ASV139,Archaea,Thermoplasmatota,Thermoplasmata,Marine_Group_II,Marine_Group_II,Marine_Group_II
ASV140,ASV140,Bacteria,Alphaproteobacteria,Alphaproteobacteria,Rhodospirillales,AEGEAN-169_marine_group,AEGEAN-169_marine_group
ASV141,ASV141,Bacteria,Bacteroidota,Bacteroidia,Flavobacteriales,NS9_marine_group,NS9_marine_group
ASV142,ASV142,Bacteria,Planctomycetota,Planctomycetes,Pirellulales,Pirellulaceae,Rubripirellula
ASV143,ASV143,Bacteria,Cyanobacteria,Cyanobacteriia,Synechococcales,Cyanobiaceae,Cyanobium
ASV144,ASV144,Eukaryota,Bacillariophyta,Mediophyceae,Chaetocerotales,Polar-centric-Mediophyceae,Chaetoceros
ASV145,ASV145,Bacteria,Alphaproteobacteria,Alphaproteobacteria,SAR11_clade,Clade_I,SAR11_Clade_I
ASV146,ASV146,Bacteria,Alphaproteobacteria,Alphaproteobacteria,SAR11_clade,Clade_I,SAR11_Clade_Ia
ASV147,ASV147,Bacteria,Alphaproteobacteria,Alphaproteobacteria,Rickettsiales,S25-593,S25-593
ASV148,ASV148,Bacteria,Gammaproteobacteria,Gammaproteobacteria,Pseudomonadales,Porticoccaceae,SAR92_clade
ASV149,ASV149,Bacteria,Alphaproteobacteria,Alphaproteobacteria,Rhodobacterales,Rhodobacteraceae,HIMB11
ASV150,ASV150,Bacteria,Bacteroidota,Bacteroidia,Flavobacteriales,Flavobacteriaceae,NS5_marine_group
ASV152,ASV152,Eukaryota,Bacillariophyta,Mediophyceae,Chaetocerotales,Polar-centric-Mediophyceae,Chaetoceros
ASV153,ASV153,Bacteria,Actinobacteriota,Acidimicrobiia,Microtrichales,Ilumatobacteraceae,Ilumatobacteraceae
ASV154,ASV154,Eukaryota,Dinoflagellata,Dinophyceae,Gymnodiniales,Kareniaceae,Karenia
ASV155,ASV155,Bacteria,Cyanobacteria,Cyanobacteriia,Synechococcales,Cyanobiaceae,Cyanobium
ASV156,ASV156,Bacteria,Verrucomicrobiota,Verrucomicrobiae,Opitutales,Puniceicoccaceae,MB11C04_marine_group
ASV159,ASV159,Bacteria,Bdellovibrionota,Bdellovibrionia,Bacteriovoracales,Bacteriovoracaceae,Peredibacter
ASV160,ASV160,Bacteria,Gammaproteobacteria,Gammaproteobacteria,Burkholderiales,MWH-UniP1_aquatic_group,MWH-UniP1_aquatic_group
ASV163,ASV163,Eukaryota,Bacillariophyta,Mediophyceae,Chaetocerotales,Polar-centric-Mediophyceae,Chaetoceros
ASV164,ASV164,Bacteria,Bacteroidota,Bacteroidia,Flavobacteriales,Cryomorphaceae,Cryomorphaceae
ASV165,ASV165,Bacteria,Alphaproteobacteria,Alphaproteobacteria,Rhizobiales,Stappiaceae,Stappiaceae
ASV166,ASV166,Bacteria,Bacteroidota,Bacteroidia,Chitinophagales,Saprospiraceae,Saprospiraceae
ASV167,ASV167,Bacteria,Bacteroidota,Bacteroidia,Chitinophagales,Saprospiraceae,Saprospiraceae
ASV168,ASV168,Eukaryota,Ochrophyta,Ochrophyta_X,Ochrophyta_XX,Ochrophyta_XXX,Ochrophyta_XXXX
ASV169,ASV169,Bacteria,Alphaproteobacteria,Alphaproteobacteria,Puniceispirillales,SAR116_clade,Candidatus_Puniceispirillum
ASV170,ASV170,Bacteria,Alphaproteobacteria,Alphaproteobacteria,SAR11_clade,Clade_II,SAR11_Clade_II
ASV171,ASV171,Bacteria,Alphaproteobacteria,Alphaproteobacteria,Rhodobacterales,Rhodobacteraceae,HIMB11
ASV172,ASV172,Bacteria,Cyanobacteria,Cyanobacteriia,Cyanobacteriales,Cyanobacteriaceae,Symphothece
ASV173,ASV173,Bacteria,Bacteroidota,Bacteroidia,Flavobacteriales,NS9_marine_group,NS9_marine_group
ASV174,ASV174,Bacteria,Bacteroidota,Bacteroidia,Flavobacteriales,Flavobacteriaceae,Tenacibaculum
ASV176,ASV176,Bacteria,Alphaproteobacteria,Alphaproteobacteria,Puniceispirillales,SAR116_clade,SAR116_clade
ASV177,ASV177,Bacteria,Bacteroidota,Bacteroidia,Flavobacteriales,NS9_marine_group,NS9_marine_group
ASV178,ASV178,Bacteria,Cyanobacteria,Cyanobacteriia,Synechococcales,Cyanobiaceae,Synechococcus
ASV179,ASV179,Eukaryota,Dinoflagellata,Dinophyceae,Gymnodiniales,Kareniaceae,Karenia
ASV180,ASV180,Bacteria,Alphaproteobacteria,Alphaproteobacteria,Rhodobacterales,Rhodobacteraceae,HIMB11
ASV181,ASV181,Eukaryota,Bacillariophyta,Coscinodiscophyceae,Biddulphiales,Radial-centric-basal-Coscinodiscophyceae,Rhizosolenia
ASV182,ASV182,Eukaryota,Bacillariophyta,Bacillariophyta_X,Bacillariophyta_XX,Bacillariophyta_XXX,Bacillariophyta_XXXX
ASV184,ASV184,Bacteria,Gammaproteobacteria,Gammaproteobacteria,Pseudomonadales,Litoricolaceae,Litoricola
ASV185,ASV185,Bacteria,Bacteroidota,Bacteroidia,Flavobacteriales,Flavobacteriaceae,NS5_marine_group
ASV188,ASV188,Bacteria,Planctomycetota,Planctomycetes,Pirellulales,Pirellulaceae,Rubripirellula
ASV190,ASV190,Bacteria,Bacteroidota,Bacteroidia,Flavobacteriales,Cryomorphaceae,Cryomorphaceae
ASV193,ASV193,Eukaryota,Bacillariophyta,Bacillariophyta_X,Bacillariophyta_XX,Raphid-pennate,Raphid-pennate_X
ASV194,ASV194,Bacteria,Alphaproteobacteria,Alphaproteobacteria,Defluviicoccales,Defluviicoccales,Defluviicoccales
ASV195,ASV195,Archaea,Thermoplasmatota,Thermoplasmata,Marine_Group_II,Marine_Group_II,Marine_Group_II
ASV196,ASV196,Eukaryota,Metazoa,Obazoa,Opisthokonta,Holozoa,Choanozoa
ASV197,ASV197,Eukaryota,Bacillariophyta,Bacillariophyceae,Surirellales,Nitzschiaceae,Pseudo-nitzschia
ASV198,ASV198,Eukaryota,Metazoa,Obazoa,Opisthokonta,Holozoa,Choanozoa
ASV199,ASV199,Bacteria,Gammaproteobacteria,Gammaproteobacteria,Pseudomonadales,Litoricolaceae,Litoricola
ASV201,ASV201,Eukaryota,Bacillariophyta,Bacillariophyceae,Surirellales,Nitzschiaceae,Pseudo-nitzschia
ASV202,ASV202,Bacteria,Alphaproteobacteria,Alphaproteobacteria,Rhodobacterales,Rhodobacteraceae,Rhodobacteraceae
ASV204,ASV204,Bacteria,Actinobacteriota,Acidimicrobiia,Actinomarinales,Actinomarinaceae,Candidatus_Actinomarina
ASV205,ASV205,Bacteria,Alphaproteobacteria,Alphaproteobacteria,Puniceispirillales,SAR116_clade,SAR116_clade
ASV206,ASV206,Bacteria,Gammaproteobacteria,Gammaproteobacteria,Burkholderiales,Nitrosomonadaceae,mle1-7
ASV208,ASV208,Eukaryota,Bacillariophyta,Mediophyceae,Bacillariophyta_X,Polar-centric-Mediophyceae,Polar-centric-Mediophyceae_X
ASV209,ASV209,Bacteria,Bacteroidota,Bacteroidia,Flavobacteriales,NS9_marine_group,NS9_marine_group
ASV210,ASV210,Bacteria,Planctomycetota,OM190,OM190,OM190,OM190
ASV211,ASV211,Bacteria,Gammaproteobacteria,Gammaproteobacteria,Pseudomonadales,SAR86_clade,SAR86_clade
ASV213,ASV213,Bacteria,Alphaproteobacteria,Alphaproteobacteria,Rickettsiales,S25-593,S25-593
ASV214,ASV214,Bacteria,Gammaproteobacteria,Gammaproteobacteria,Burkholderiales,Nitrosomonadaceae,mle1-7
ASV215,ASV215,Eukaryota,Haptophyta,Prymnesiophyceae,Phaeocystales,Phaeocystaceae,Phaeocystis
ASV217,ASV217,Bacteria,Actinobacteriota,Acidimicrobiia,Microtrichales,Ilumatobacteraceae,Ilumatobacteraceae
ASV220,ASV220,Eukaryota,Bacillariophyta,Bacillariophyceae,Fragilariales,Fragilariaceae,Asterionellopsis
ASV222,ASV222,Eukaryota,Chlorophyta,Mamiellophyceae,Mamiellales,Mamiellaceae,Mamiellaceae_X
ASV223,ASV223,Bacteria,Bacteroidota,Bacteroidia,Chitinophagales,Saprospiraceae,Saprospiraceae
ASV224,ASV224,Bacteria,Gammaproteobacteria,Gammaproteobacteria,Burkholderiales,Methylophilaceae,OM43_clade
ASV225,ASV225,Bacteria,Alphaproteobacteria,Alphaproteobacteria,Rhodobacterales,Rhodobacteraceae,HIMB11
ASV227,ASV227,Bacteria,Gammaproteobacteria,Gammaproteobacteria,Burkholderiales,MWH-UniP1_aquatic_group,MWH-UniP1_aquatic_group
ASV228,ASV228,Eukaryota,Haptophyta,Prymnesiophyceae,Phaeocystales,Phaeocystaceae,Phaeocystis
ASV229,ASV229,Bacteria,Bacteroidota,Bacteroidia,Flavobacteriales,Flavobacteriaceae,NS5_marine_group
ASV230,ASV230,Bacteria,Bacteroidota,Bacteroidia,Flavobacteriales,NS9_marine_group,NS9_marine_group
ASV231,ASV231,Eukaryota,Bacillariophyta,Bacillariophyceae,Fragilariales,Fragilariaceae,Asterionellopsis
ASV232,ASV232,Bacteria,Actinobacteriota,Acidimicrobiia,Actinomarinales,Actinomarinaceae,Candidatus_Actinomarina
ASV233,ASV233,Bacteria,Alphaproteobacteria,Alphaproteobacteria,Caulobacterales,Hyphomonadaceae,Hyphomonadaceae
ASV234,ASV234,Bacteria,Gammaproteobacteria,Gammaproteobacteria,Pseudomonadales,Halieaceae,OM60(NOR5)_clade
ASV235,ASV235,Bacteria,Alphaproteobacteria,Alphaproteobacteria,SAR11_clade,Clade_I,SAR11_Clade_Ia
ASV236,ASV236,Eukaryota,Metazoa,Obazoa,Opisthokonta,Holozoa,Choanozoa
ASV239,ASV239,Bacteria,Actinobacteriota,Actinobacteria,PeM15,PeM15,PeM15
ASV240,ASV240,Bacteria,Bacteroidota,Bacteroidia,Flavobacteriales,NS9_marine_group,NS9_marine_group
ASV242,ASV242,Eukaryota,Bacillariophyta,Mediophyceae,Chaetocerotales,Polar-centric-Mediophyceae,Chaetoceros
ASV243,ASV243,Bacteria,Alphaproteobacteria,Alphaproteobacteria,Rhodobacterales,Rhodobacteraceae,Ascidiaceihabitans
ASV247,ASV247,Eukaryota,Metazoa,Obazoa,Opisthokonta,Holozoa,Choanozoa
ASV248,ASV248,Bacteria,Alphaproteobacteria,Alphaproteobacteria,Rhodobacterales,Rhodobacteraceae,Aestuariicoccus
ASV249,ASV249,Bacteria,Bacteroidota,Bacteroidia,Flavobacteriales,Cryomorphaceae,Cryomorphaceae
ASV250,ASV250,Eukaryota,Bacillariophyta,Mediophyceae,Chaetocerotales,Polar-centric-Mediophyceae,Chaetoceros
ASV251,ASV251,Bacteria,Gammaproteobacteria,Gammaproteobacteria,Pseudomonadales,SAR86_clade,SAR86_clade
ASV252,ASV252,Bacteria,Alphaproteobacteria,Alphaproteobacteria,SAR11_clade,Clade_I,SAR11_Clade_Ib
ASV255,ASV255,Bacteria,Bacteroidota,Bacteroidia,Chitinophagales,Saprospiraceae,Saprospiraceae
ASV257,ASV257,Bacteria,Gammaproteobacteria,Gammaproteobacteria,Burkholderiales,Nitrosomonadaceae,mle1-7
ASV259,ASV259,Bacteria,Bacteroidota,Bacteroidia,Chitinophagales,Saprospiraceae,Saprospiraceae
ASV262,ASV262,Bacteria,Alphaproteobacteria,Alphaproteobacteria,Puniceispirillales,SAR116_clade,SAR116_clade
ASV264,ASV264,Eukaryota,Ochrophyta,Ochrophyta_X,Ochrophyta_XX,Ochrophyta_XXX,Ochrophyta_XXXX
ASV266,ASV266,Bacteria,Gammaproteobacteria,Gammaproteobacteria,Cyanobacteriia,Cyanobacteriia,Cyanobacteriia
ASV271,ASV271,Bacteria,Bdellovibrionota,Bdellovibrionia,Bdellovibrionales,Bdellovibrionaceae,OM27_clade
ASV272,ASV272,Bacteria,Alphaproteobacteria,Alphaproteobacteria,SAR11_clade,Clade_II,SAR11_Clade_II
ASV274,ASV274,Eukaryota,Bacillariophyta,Bacillariophyta_X,Bacillariophyta_XX,Bacillariophyta_XXX,Bacillariophyta_XXXX
ASV275,ASV275,Eukaryota,Metazoa,Obazoa,Opisthokonta,Holozoa,Choanozoa
ASV276,ASV276,Bacteria,Gammaproteobacteria,Gammaproteobacteria,Burkholderiales,Nitrosomonadaceae,IS-44
ASV277,ASV277,Eukaryota,Bacillariophyta,Bacillariophyceae,Bacillariophyta_X,Araphid-pennate,Thalassionema
ASV278,ASV278,Bacteria,Planctomycetota,OM190,OM190,OM190,OM190
ASV279,ASV279,Bacteria,Gammaproteobacteria,Gammaproteobacteria,Pseudomonadales,SAR86_clade,SAR86_clade
ASV280,ASV280,Bacteria,Bdellovibrionota,Bdellovibrionia,Bdellovibrionales,Bdellovibrionaceae,OM27_clade
ASV281,ASV281,Bacteria,Alphaproteobacteria,Alphaproteobacteria,SAR11_clade,Clade_I,SAR11_Clade_Ia
ASV283,ASV283,Bacteria,Bacteroidota,Bacteroidia,Flavobacteriales,Flavobacteriaceae,NS5_marine_group
ASV287,ASV287,Bacteria,Verrucomicrobiota,Verrucomicrobiae,Pedosphaerales,Pedosphaeraceae,SCGC_AAA164-E04
ASV288,ASV288,Bacteria,Bacteroidota,Bacteroidia,Flavobacteriales,Flavobacteriaceae,NS4_marine_group
ASV289,ASV289,Bacteria,Bacteroidota,Bacteroidia,Flavobacteriales,Flavobacteriaceae,NS5_marine_group
ASV292,ASV292,Eukaryota,Bacillariophyta,Mediophyceae,Chaetocerotales,Polar-centric-Mediophyceae,Chaetoceros
ASV293,ASV293,Eukaryota,Dinoflagellata,Dinophyceae,Gymnodiniales,Gymnodiniphycidae,Gyrodinium
ASV294,ASV294,Eukaryota,Bacillariophyta,Mediophyceae,Chaetocerotales,Polar-centric-Mediophyceae,Chaetoceros
ASV296,ASV296,Bacteria,Alphaproteobacteria,Alphaproteobacteria,SAR11_clade,Clade_II,SAR11_Clade_II
ASV297,ASV297,Bacteria,Bacteroidota,Bacteroidia,Flavobacteriales,Flavobacteriaceae,NS4_marine_group
ASV298,ASV298,Bacteria,Gammaproteobacteria,Gammaproteobacteria,Burkholderiales,Nitrosomonadaceae,mle1-7
ASV299,ASV299,Eukaryota,Metazoa,Obazoa,Opisthokonta,Holozoa,Choanozoa
ASV301,ASV301,Bacteria,Alphaproteobacteria,Alphaproteobacteria,SAR11_clade,Clade_II,SAR11_Clade_II
ASV302,ASV302,Bacteria,Actinobacteriota,Acidimicrobiia,Microtrichales,Ilumatobacteraceae,Ilumatobacteraceae
ASV303,ASV303,Bacteria,Alphaproteobacteria,Alphaproteobacteria,SAR11_clade,Clade_I,SAR11_Clade_Ia
ASV305,ASV305,Eukaryota,Bacillariophyta,Bacillariophyta_X,Bacillariophyta_XX,Bacillariophyta_XXX,Bacillariophyta_XXXX
ASV306,ASV306,Bacteria,Actinobacteriota,Acidimicrobiia,Microtrichales,Microtrichaceae,Sva0996_marine_group
ASV309,ASV309,Bacteria,Bacteroidota,Bacteroidia,Flavobacteriales,Flavobacteriaceae,Flavobacteriaceae
ASV311,ASV311,Bacteria,Bacteroidota,Bacteroidia,Flavobacteriales,Flavobacteriaceae,NS4_marine_group
ASV312,ASV312,Bacteria,Gammaproteobacteria,Gammaproteobacteria,Pseudomonadales,SAR86_clade,SAR86_clade
ASV313,ASV313,Eukaryota,Dinoflagellata,Dinophyceae,Gymnodiniales,Gymnodiniphycidae,Gyrodinium
ASV314,ASV314,Bacteria,Alphaproteobacteria,Alphaproteobacteria,Rhizobiales,Stappiaceae,Stappiaceae
ASV315,ASV315,Bacteria,Gammaproteobacteria,Gammaproteobacteria,Pseudomonadales,SAR86_clade,SAR86_clade
ASV316,ASV316,Bacteria,Alphaproteobacteria,Alphaproteobacteria,Rhodobacterales,Rhodobacteraceae,Rhodobacteraceae
ASV317,ASV317,Bacteria,Gammaproteobacteria,Gammaproteobacteria,Pseudomonadales,Thioglobaceae,SUP05_cluster
ASV318,ASV318,Eukaryota,Metazoa,Obazoa,Opisthokonta,Holozoa,Choanozoa
ASV319,ASV319,Bacteria,Bacteroidota,Bacteroidia,Flavobacteriales,Flavobacteriaceae,Flavobacteriaceae
ASV320,ASV320,Bacteria,Bdellovibrionota,Bdellovibrionia,Bacteriovoracales,Bacteriovoracaceae,Peredibacter
ASV321,ASV321,Bacteria,Alphaproteobacteria,Alphaproteobacteria,Puniceispirillales,SAR116_clade,SAR116_clade
ASV323,ASV323,Bacteria,Verrucomicrobiota,Verrucomicrobiae,Arctic97B-4_marine_group,Arctic97B-4_marine_group,Arctic97B-4_marine_group
ASV324,ASV324,Bacteria,Firmicutes,Bacilli,Acholeplasmatales,Acholeplasmataceae,Acholeplasma
ASV326,ASV326,Bacteria,Alphaproteobacteria,Alphaproteobacteria,SAR11_clade,Clade_I,SAR11_Clade_I
ASV327,ASV327,Bacteria,Alphaproteobacteria,Alphaproteobacteria,Puniceispirillales,SAR116_clade,Candidatus_Puniceispirillum
ASV329,ASV329,Eukaryota,Cryptophyta,Cryptophyceae,Cryptomonadales,Cryptomonadales_X,Teleaulax
ASV330,ASV330,Bacteria,Verrucomicrobiota,Lentisphaeria,Lentisphaerales,Lentisphaeraceae,Lentisphaera
ASV331,ASV331,Bacteria,Verrucomicrobiota,Verrucomicrobiae,Opitutales,Puniceicoccaceae,MB11C04_marine_group
ASV334,ASV334,Bacteria,Alphaproteobacteria,Alphaproteobacteria,SAR11_clade,Clade_I,SAR11_Clade_Ia
ASV335,ASV335,Bacteria,Cyanobacteria,Cyanobacteriia,Synechococcales,Cyanobiaceae,Synechococcus
ASV336,ASV336,Eukaryota,Metazoa,Obazoa,Opisthokonta,Holozoa,Choanozoa
ASV337,ASV337,Eukaryota,Bacillariophyta,Mediophyceae,Chaetocerotales,Polar-centric-Mediophyceae,Chaetoceros
ASV338,ASV338,Archaea,Thermoplasmatota,Thermoplasmata,Marine_Group_II,Marine_Group_II,Marine_Group_II
ASV339,ASV339,Eukaryota,Metazoa,Obazoa,Opisthokonta,Holozoa,Choanozoa
ASV340,ASV340,Bacteria,Gammaproteobacteria,Gammaproteobacteria,Pseudomonadales,SAR86_clade,SAR86_clade
ASV341,ASV341,Eukaryota,Dinoflagellata,Dinophyceae,Gymnodiniales,Kareniaceae,Karenia
ASV342,ASV342,Eukaryota,Metazoa,Obazoa,Opisthokonta,Holozoa,Choanozoa
ASV343,ASV343,Bacteria,Gammaproteobacteria,Gammaproteobacteria,Tenderiales,Tenderiaceae,Candidatus_Tenderia
ASV344,ASV344,Bacteria,Verrucomicrobiota,Verrucomicrobiae,Pedosphaerales,Pedosphaeraceae,SCGC_AAA164-E04
ASV346,ASV346,Bacteria,Alphaproteobacteria,Alphaproteobacteria,SAR11_clade,Clade_I,SAR11_Clade_Ia
ASV347,ASV347,Bacteria,Alphaproteobacteria,Alphaproteobacteria,SAR11_clade,Clade_II,SAR11_Clade_II
ASV350,ASV350,Bacteria,Bdellovibrionota,Bdellovibrionia,Bdellovibrionales,Bdellovibrionaceae,OM27_clade
ASV352,ASV352,Bacteria,Alphaproteobacteria,Alphaproteobacteria,Puniceispirillales,SAR116_clade,SAR116_clade
ASV353,ASV353,Bacteria,Bacteroidota,Bacteroidia,Flavobacteriales,Crocinitomicaceae,Crocinitomicaceae
ASV354,ASV354,Bacteria,Gammaproteobacteria,Gammaproteobacteria,UBA10353_marine_group,UBA10353_marine_group,UBA10353_marine_group
ASV355,ASV355,Bacteria,Alphaproteobacteria,Alphaproteobacteria,SAR11_clade,Clade_III,SAR11_Clade_III
ASV356,ASV356,Eukaryota,Dinoflagellata,Dinophyceae,Gymnodiniales,Kareniaceae,Karenia
ASV357,ASV357,Archaea,Thermoplasmatota,Thermoplasmata,Marine_Group_II,Marine_Group_II,Marine_Group_II
ASV359,ASV359,Bacteria,Bacteroidota,Rhodothermia,Balneolales,Balneolaceae,Balneola
ASV361,ASV361,Bacteria,Gammaproteobacteria,Gammaproteobacteria,Enterobacterales,Alteromonadaceae,Alteromonadaceae
ASV362,ASV362,Bacteria,Bacteroidota,Bacteroidia,Flavobacteriales,Flavobacteriaceae,Formosa
ASV363,ASV363,Bacteria,Alphaproteobacteria,Alphaproteobacteria,Sphingomonadales,Sphingomonadaceae,Sphingomonadaceae
ASV365,ASV365,Bacteria,Verrucomicrobiota,Verrucomicrobiae,Opitutales,Puniceicoccaceae,MB11C04_marine_group
ASV366,ASV366,Bacteria,Alphaproteobacteria,Alphaproteobacteria,Rhizobiales,Stappiaceae,Stappiaceae
ASV367,ASV367,Eukaryota,Haptophyta,Prymnesiophyceae,Phaeocystales,Phaeocystaceae,Phaeocystis
ASV368,ASV368,Bacteria,Gammaproteobacteria,Gammaproteobacteria,Pseudomonadales,Moraxellaceae,Acinetobacter
ASV369,ASV369,Bacteria,Bacteroidota,Bacteroidia,Flavobacteriales,NS9_marine_group,NS9_marine_group
ASV370,ASV370,Bacteria,Alphaproteobacteria,Alphaproteobacteria,SAR11_clade,Clade_I,SAR11_Clade_Ib
ASV371,ASV371,Bacteria,Alphaproteobacteria,Alphaproteobacteria,SAR11_clade,Clade_II,SAR11_Clade_II
ASV372,ASV372,Bacteria,Gammaproteobacteria,Gammaproteobacteria,Burkholderiales,Nitrosomonadaceae,mle1-7
ASV373,ASV373,Bacteria,Alphaproteobacteria,Alphaproteobacteria,Rhodobacterales,Rhodobacteraceae,Ascidiaceihabitans
ASV374,ASV374,Bacteria,Bacteroidota,Bacteroidia,Flavobacteriales,Flavobacteriaceae,NS4_marine_group
ASV375,ASV375,Bacteria,Bacteroidota,Bacteroidia,Flavobacteriales,Flavobacteriaceae,Tenacibaculum
ASV376,ASV376,Bacteria,Bdellovibrionota,Bdellovibrionia,Bacteriovoracales,Bacteriovoracaceae,Peredibacter
ASV379,ASV379,Bacteria,Alphaproteobacteria,Alphaproteobacteria,Parvibaculales,PS1_clade,PS1_clade
ASV381,ASV381,Bacteria,Alphaproteobacteria,Alphaproteobacteria,Puniceispirillales,SAR116_clade,Candidatus_Puniceispirillum
ASV382,ASV382,Bacteria,Gammaproteobacteria,Gammaproteobacteria,Pseudomonadales,Nitrincolaceae,Marinobacterium
ASV383,ASV383,Bacteria,Alphaproteobacteria,Alphaproteobacteria,SAR11_clade,Clade_I,SAR11_Clade_I
ASV384,ASV384,Bacteria,Gammaproteobacteria,Gammaproteobacteria,Burkholderiales,Alcaligenaceae,Alcaligenaceae
ASV385,ASV385,Bacteria,Verrucomicrobiota,Verrucomicrobiae,Opitutales,Puniceicoccaceae,A714019
ASV387,ASV387,Eukaryota,Chlorophyta,Mamiellophyceae,Mamiellales,Mamiellaceae,Micromonas
ASV389,ASV389,Archaea,Thermoplasmatota,Thermoplasmata,Marine_Group_II,Marine_Group_II,Marine_Group_II
ASV391,ASV391,Eukaryota,Chlorophyta,Mamiellophyceae,Mamiellales,Mamiellaceae,Micromonas
ASV395,ASV395,Bacteria,Alphaproteobacteria,Alphaproteobacteria,Puniceispirillales,Puniceispirillales,Puniceispirillales
ASV396,ASV396,Bacteria,Alphaproteobacteria,Alphaproteobacteria,SAR11_clade,Clade_I,SAR11_Clade_Ia
ASV397,ASV397,Bacteria,Alphaproteobacteria,Alphaproteobacteria,SAR11_clade,Clade_I,SAR11_Clade_I
ASV398,ASV398,Bacteria,Actinobacteriota,Acidimicrobiia,Actinomarinales,Actinomarinaceae,Candidatus_Actinomarina
ASV399,ASV399,Bacteria,Bacteria_unclassied,Bacteria_unclassied,Bacteria_unclassied,Bacteria_unclassied,Bacteria_unclassied
ASV400,ASV400,Bacteria,Gammaproteobacteria,Gammaproteobacteria,Pseudomonadales,Halieaceae,OM60(NOR5)_clade
